"URI","count"
"http://213.198.57.244/","1"
"http://adm44.ru/","1"
"http://ambassade-niger.de/de/deutsch-nigrische-beziehungen/","1"
"http://andersen.sdu.dk/liv/tidstavle/","1"
"http://appsso.eurostat.ec.europa.eu/nui/","1"
"http://archive.ics.uci.edu/ml/datasets/","1"
"http://archive.wikiwix.com/cache/?url=http://geodesie.ign.fr/","1"
"http://astana.gov.kz/","1"
"http://berlim.itamaraty.gov.br/pt-br/","1"
"http://berlin.embassy.si/","1"
"http://blog.chromium.org/2010/12/","1"
"http://books.google.com/","1"
"http://botschaft-eritrea.de/main/","1"
"http://bryansk032.ru/","1"
"http://burritojustice.com/2013/08/15/the-flags-of-san-francisco/","1"
"http://cancilleria.gob.ec/alemania/","1"
"http://chibi.ubc.ca/Gemma/","26"
"http://chicagosistercities.com/sister-cities/","1"
"http://chileabroad.gov.cl/alemania/relacion-bilateral/","1"
"http://city-yaroslavl.ru/","1"
"http://city.samara.ru/","1"
"http://commons.wikimedia.org/wiki/","2042"
"http://conventions.coe.int/Treaty/Commun/ChercheSig.asp?NT=005&CM=1&DF=6/25/","1"
"http://copernicus.torun.pl/en/biography/1491-1495/2/","1"
"http://countrylicious.com/canada/images/","1"
"http://data.bnf.fr/ark:/12148/","155"
"http://data.worldbank.org/indicator/","6"
"http://db1.stat.gov.lt/statbank/selectvarval/","1"
"http://dbpedia.org/","11"
"http://de.france.fr/de/frankreichs-ueberseegebiete/","1"
"http://demo.istat.it/","2"
"http://diplomatie.belgium.be/en/policy/world_regions/western_europe/","1"
"http://dublin.ratemyarea.com/events/","1"
"http://ec.europa.eu/economy_finance/euro/countries/","1"
"http://ejohn.org/blog/javascript-performance-rundown/","1"
"http://emba.revoluciondelbuenvivir.org/index.php/consulares/","1"
"http://embassies.gov.il/berlin-en/AboutTheEmbassy/Pages/","1"
"http://embassy-southsudan.de/die-botschaft/die-botschafterin/","1"
"http://en.mfa.ir/","1"
"http://eng.gov.spb.ru/figures/","1"
"http://europa.eu/","2"
"http://fandalism.com/","2"
"http://feb-web.ru/feb/","4"
"http://formin.finland.fi/public/","1"
"http://freital.de/","2"
"http://gdz.sub.uni-goettingen.de/dms/load/img/","2"
"http://genealogy.euweb.cz/lorraine/","1"
"http://geonames.usgs.gov/docs/stategaz/","1"
"http://germanhistorydocs.ghi-dc.org/","1"
"http://germany.mfa.gov.by/de/bilateral_relations/","1"
"http://googleblog.blogspot.com/2008/09/","1"
"http://gov.karelia.ru/","1"
"http://hdg.de/lemo/html/DieDeutscheEinheit/","1"
"http://hdl.handle.net/10315/","1"
"http://hdr.undp.org/en/","2"
"http://heritageperth.com.au/make-history/history-for-perth/","1"
"http://highgatecemetery.org/visit/","1"
"http://hugoclab.ru/leonard-cohen-popular-problems-itunes-plus-aac-m4a-2014/","1"
"http://improbable.com/ig/","1"
"http://indiatoday.intoday.in/story/report-on-netaji-subhas-chandra-bose-last-remains-reignites-debate-over-his-death/1/","1"
"http://jameskovacs.com/2007/09/07/cnet-history-lesson/","1"
"http://krugosvet.ru/enc/kultura_i_obrazovanie/muzyka/","1"
"http://kulturnav.org/","8"
"http://law2.umkc.edu/faculty/projects/ftrials/socrates/","1"
"http://lex.justice.md/","1"
"http://livebrum.co.uk/2015/02/","1"
"http://maindb.unfccc.int/public/","1"
"http://manipur.gov.in/","1"
"http://mappings.dbpedia.org/index.php/","10"
"http://maristat.gks.ru/wps/wcm/connect/rosstat_ts/maristat/resources/16195e00436b5099b0f8f174665da2b8/","2"
"http://matthewkneale.net/","1"
"http://megabook.ru/article/","2"
"http://metropole.rennes.fr/","1"
"http://mfa.gov.af/en/page/4183/3884#","1"
"http://mfa.gov.kz/en/#","1"
"http://mfa.gov.ua/en/about-mfa/abroad/embassies/","1"
"http://mirrors.ctan.org/systems/knuth/dist/tex/","2"
"http://movieweb.com/movie/12-angry-men/","1"
"http://msdn.microsoft.com/pt-br/vcsharp/","1"
"http://music.cbc.ca/artists/","1"
"http://mv.vatican.va/3_EN/pages/CSN/","1"
"http://naga.gov.ph/","1"
"http://nagaland.nic.in/","1"
"http://news.bbc.co.uk/2/hi/","2"
"http://opendata.bonn.de/sites/default/files/","1"
"http://physics.nist.gov/cgi-bin/cuu/","1"
"http://plato.stanford.edu/entries/copernicus/","1"
"http://prezi.com/yhwipzijllq3/roald-amundsen/","1"
"http://pskovgorod.ru/","1"
"http://quickfacts.census.gov/qfd/states/25/","14"
"http://quod.lib.umich.edu/m/moa/AFJ7482.0001.001/","1"
"http://rdf.freebase.com/ns/","956"
"http://russian-greens.ru/","1"
"http://russische-botschaft.de/bilaterale-beziehungen/","1"
"http://schema.org/","6"
"http://service.mvnet.de/statmv/daten_stam_berichte/e-bibointerth01/bevoelkerung--haushalte--familien--flaeche/a-i__/a123__/2014/daten/","1"
"http://services.sandre.eaufrance.fr/Courdo/Fiche/client/","1"
"http://simbad.u-strasbg.fr/simbad/","2"
"http://solarviews.com/eng/","1"
"http://stackoverflow.com/tags/","14"
"http://stadt.weimar.de/ueber-weimar/partnerstaedte/","1"
"http://startrek.com/","1"
"http://statline.cbs.nl/","5"
"http://stopklatka.pl/film/","2"
"http://store.acousticsounds.com/d/99303/","1"
"http://tagbilaran.gov.ph/","1"
"http://tatarstan.ru/","1"
"http://theodi.org/news/","1"
"http://toledo.es/","1"
"http://tyskland.um.dk/de/uber-uns/gruss-des-botschafters/","1"
"http://uk.gov.in/","1"
"http://unimedia.info/stiri/","1"
"http://usa.usembassy.de/etexts/","1"
"http://viaf.org/","63"
"http://vladimir-city.ru/en/international/","1"
"http://vrk.fi/","1"
"http://web.archive.org/web/","5"
"http://webarchiv.bundestag.de/archive/2007/0206/mdb/mdb14/bio/K/","1"
"http://weinsteinco.com/sites/the-intouchables/","1"
"http://whc.unesco.org/en/list/","11"
"http://wikistats.wmflabs.org/","1"
"http://www.007.com/","1"
"http://www.01net.com/telecharger/windows/Internet/navigateur/fiches/","1"
"http://www.1000dokumente.de/","1"
"http://www.939bobfm.com/Music/","2"
"http://www.acehbaratkab.go.id/","1"
"http://www.adbpo.it/on-multi/ADBPO/Home/","1"
"http://www.adm-magas.ru/","1"
"http://www.adm-nmar.ru/","1"
"http://www.airbus-group.com/airbusgroup/int/en/our-company/our-governance/executive-committee/","1"
"http://www.airbusgroup.com/dam/assets/airbusgroup/int/en/investor-relations/documents/2016/Annual-Reports/Registration-document-airbus-group-2015/","1"
"http://www.albumoftheyear.org/","5"
"http://www.algaebase.org/browse/taxonomy/","1"
"http://www.algerische-botschaft.de/no_cache/","1"
"http://www.allocine.fr/film/","1"
"http://www.almazan.es/","1"
"http://www.aluesarjat.fi/","1"
"http://www.ambacam.de/","1"
"http://www.ambaci.de/","1"
"http://www.ambaguinee.de/","1"
"http://www.ambardc.de/","1"
"http://www.ambasadat.gov.al/germany/","1"
"http://www.ambassade-benin.de/fr/cooperation/cooperation-bilaterale/","1"
"http://www.ambassade-repmali-berlin.de/","1"
"http://www.ambatchadberlin.com/","1"
"http://www.anb.org/articles/02/","1"
"http://www.angola.gov.ao/EmbaixadasConsulados/","1"
"http://www.anne-sophie-mutter.de/","1"
"http://www.antipolo.ph/","1"
"http://www.aoltv.com/2009/11/18/jason-lee-joins-tnts-delta-blues/","1"
"http://www.argentina.gob.ar/","1"
"http://www.aschaffenburg.de/","1"
"http://www.astana.stat.kz/ru/news/id/","1"
"http://www.astro.uwo.ca/~dfgray/","1"
"http://www.astrobl.ru/","1"
"http://www.asuncion.gov.py/","1"
"http://www.auswaertiges-amt.de/","143"
"http://www.auvergne-tourisme.info/","1"
"http://www.auvergnerhonealpes.eu/","1"
"http://www.avast.ru/","1"
"http://www.aveleyman.com/","1"
"http://www.ayuntamientodemalabo.com/","1"
"http://www.babelprov.go.id/","1"
"http://www.badatelna.eu/fond/1073/reprodukce/","1"
"http://www.baden-baden.de/","1"
"http://www.bandaacehkota.go.id/","1"
"http://www.bangladeshembassy.de/","1"
"http://www.bartleby.com/107/","1"
"http://www.bashkortostan.ru/","1"
"http://www.bbc.co.uk/","9"
"http://www.bbc.com/","4"
"http://www.bcb.gov.br/htms/museu-espacos/","1"
"http://www.bcentral.cl/billetes-monedas/unidad-monetaria/","1"
"http://www.beladm.ru/","1"
"http://www.belgium.be/fr/la_belgique/connaitre_le_pays/la_belgique_en_bref/symboles/hymnes/","1"
"http://www.berlinale.de/en/archiv/jahresarchive/1957/03_preistr_ger_1957/","1"
"http://www.bfn.de/","1"
"http://www.bjelovar.hr/","1"
"http://www.blankenese.de/","1"
"http://www.bloomberg.com/news/articles/2011-12-11/","1"
"http://www.bmas.de/DE/Themen/Soziales-Europa-und-Internationales/International/Internationale-Organisationen/","1"
"http://www.bmeia.gv.at/aussenministerium/aussenpolitik/voelkerrecht/staatsvertraege/","1"
"http://www.bmi.bund.de/SharedDocs/","2"
"http://www.bmub.bund.de/themen/wasser-abfall-boden/binnengewaesser/fluesse-und-seen/","2"
"http://www.bmvg.de/portal/a/bmvg/!ut/p/c4/LYpBDoMwDATfwgfse2_9BfQSmcRKVqQOSlz6_QKq9jQzyy8-Z3Igi6OZVJ55iXisX1rfR6aBWLQXhY-9VTg2grl2-981tJ7FMG5WozM0SvrxEUsVSwEWkvZwed635_QD2vlEsA!!/","1"
"http://www.bmwi.de/DE/Themen/","4"
"http://www.bmz.de/de/was_wir_machen/wege/multilaterale_ez/akteure/uno/ifad/","1"
"http://www.bodemillerusa.com/","1"
"http://www.bonn.de/","1"
"http://www.botschaft-aequatorialguinea.de/pie-de-imprenta/","1"
"http://www.botschaft-gabun.de/","1"
"http://www.botschaft-guinea-bissau-berlin.de/","1"
"http://www.botschaft-madagaskar.de/de/top/botschaft-1/abteilungen/","1"
"http://www.botschaftportugal.de/","1"
"http://www.bouches-du-rhone.pref.gouv.fr/","1"
"http://www.bpb.de/","17"
"http://www.braunschweig.de/","1"
"http://www.britannica.com/","5"
"http://www.bryansk032.ru/","1"
"http://www.buenosaires.gob.ar/","1"
"http://www.bundesbank.de/Navigation/DE/Aufgaben/Finanz_und_Waehrungssystem/Internationale_Zusammenarbeit/IWF/","1"
"http://www.bundesfinanzministerium.de/","3"
"http://www.bundeskanzlerin.de/Webs/BKin/EN/AngelaMerkel/Biography/","1"
"http://www.bundesnetzagentur.de/DE/Allgemeines/DieBundesnetzagentur/Internationales/Post/","1"
"http://www.bundespraesident.de/DE/","7"
"http://www.bundesregierung.de/Content/DE/StatischeSeiten/Breg/G8G20/G8-uebersicht.html;jsessionid=49F7F441C59AA81F37C9762CE1F12CAF.s2t1?nn=437032#","1"
"http://www.bundestag.de/bundestag/aufgaben/rechtsgrundlagen/grundgesetz/","4"
"http://www.bundeswehr.de/portal/a/bwde/!ut/p/c4/NYu7DsIwEAT_yGeLgkBHlAaFKg2YJrrEp8jCj8i-EAnx8dgFu9I0swtPKA34tguyjQEdPEDP9jztYtoNCXzxRs5RFrjl0ZAfyYaM_IF7fZbFHANxJVNgW7gk5JjEGhO7araUihHWgJaqa9VR_qO-jW76W386yO7aDrB6f_kBQoRqvg!!/","1"
"http://www.burguete.es/es/","1"
"http://www.burundiembassy-germany.de/","1"
"http://www.ca.gov/","1"
"http://www.canadainternational.gc.ca/germany-allemagne/bilateral_relations_bilaterales/","1"
"http://www.cancilleria.bo/node/","1"
"http://www.cancilleria.gob.ni/embajadas/","1"
"http://www.cancilleria.gov.co/international/regions/europe/union/member/","1"
"http://www.cauquenes.cl/","1"
"http://www.cbc.ca/","3"
"http://www.cbs.gov.il/","3"
"http://www.cbs.nl/nl-NL/menu/themas/bevolking/publicaties/artikelen/archief/2016/","1"
"http://www.cbsnews.com/stories/2006/12/10/world/","1"
"http://www.cbss.org/council-2/history-2/","1"
"http://www.cdbaby.com/","6"
"http://www.cdc.gov/","12"
"http://www.cdep.ro/pls/dic/site.page?den=act2_2&par1=1#","1"
"http://www.celebritynetworth.com/","2"
"http://www.census.gov.ph/sites/default/files/attachments/hsd/pressrelease/","1"
"http://www.census.gov/popest/data/counties/totals/2013/files/","2"
"http://www.ceuta.es/","1"
"http://www.chiangmai.go.th/meet_file/","1"
"http://www.china-botschaft.de/det/gywm/","1"
"http://www.chkchkchk.net/","1"
"http://www.chronik-der-mauer.de/index.php/de/","2"
"http://www.city-data.com/articles/","1"
"http://www.cityofbalanga.gov.ph/","1"
"http://www.cityofboston.gov/","1"
"http://www.clintonlibrary.gov/","1"
"http://www.cm-lisboa.pt/","1"
"http://www.cmpraia.cv/","1"
"http://www.cochranepatagonia.cl/","1"
"http://www.coe.int/en/web/portal/","2"
"http://www.comelec.gov.ph/uploads/Archives/RegularElections/2013NLE/Statistics/","1"
"http://www.comune.canevino.pv.it/","1"
"http://www.comune.potenza.it/","1"
"http://www.comune.reggiolo.re.it/","1"
"http://www.comune.siena.it/","1"
"http://www.comune.torino.it/","1"
"http://www.comunedialiminusa.it/","1"
"http://www.contactmusic.com/leonard-cohen/","2"
"http://www.cotesdarmor.fr/","1"
"http://www.cr-bourgogne.fr/","1"
"http://www.ctbto.org/member-states/country-profiles/","1"
"http://www.cubaminrex.cu/es/node/","1"
"http://www.dailymail.co.uk/news/","3"
"http://www.dailymotion.com/video/","2"
"http://www.davidbowie.com/","1"
"http://www.dbnl.org/tekst/bork001nede01_01/","1"
"http://www.de.emb-japan.go.jp/de-jp/","1"
"http://www.delmenhorst.de/","1"
"http://www.denic.de/","1"
"http://www.dessau-rosslau.de/","1"
"http://www.deutschlandfunk.de/","1"
"http://www.dfa.gov.za/foreign/bilateral/","1"
"http://www.dfat.gov.au/geo/germany/","1"
"http://www.digitalspy.co.uk/music/news/a591346/","1"
"http://www.diplomatie.gouv.fr/fr/dossiers-pays/allemagne/","1"
"http://www.diplomatie.gouv.sn/","1"
"http://www.diplomatie.gov.tn/","1"
"http://www.diplomatie.ma/en/","1"
"http://www.documentarchiv.de/brd/","1"
"http://www.domradio.de/themen/benedikt-xvi/2015-07-04/","1"
"http://www.dorsten.de/","1"
"http://www.douglasadams.com/","1"
"http://www.douglasadams.eu/","1"
"http://www.dr-botschaft.de/","1"
"http://www.duduki.net/cgi-bin/","1"
"http://www.duesseldorf.de/","3"
"http://www.duisburg.de/","2"
"http://www.durban.gov.za/","1"
"http://www.dw.de/","2"
"http://www.dzs.hr/Hrv_Eng/publication/2011/","1"
"http://www.eda.admin.ch/eda/de/home/reps/eur/vdeu/","1"
"http://www.einsteinsommerhaus.de/","2"
"http://www.ekburg.ru/","1"
"http://www.ekliitto.fi/","1"
"http://www.eleven.co.il/article/","1"
"http://www.enciklopedija.hr/","1"
"http://www.esa.int/","2"
"http://www.eschwege.de/city_info/webaccessibility/","1"
"http://www.eskimo.com/~rkj/weekly/","1"
"http://www.essonne.pref.gouv.fr/","1"
"http://www.esteri.it/MAE/EN/Sala_Stampa/ArchivioNotizie/Approfondimenti/2011/12/","1"
"http://www.esteri.sm/on-line/home/","1"
"http://www.eure-et-loir.pref.gouv.fr/","1"
"http://www.eure.pref.gouv.fr/","1"
"http://www.euskirchen.de/","1"
"http://www.everswinkel.de/","1"
"http://www.evertonfc.com/","1"
"http://www.examiner.com/","1"
"http://www.exteriores.gob.es/Embajadas/BERLIN/en/Embajada/Pages/","1"
"http://www.exteriors.ad/ca/afers-bilaterals-i-consulars/","1"
"http://www.famousbirthdays.com/people/","1"
"http://www.fifa.com/worldfootball/statisticsandrecords/players/player=306322/","1"
"http://www.filmaffinity.com/en/","1"
"http://www.findagrave.com/cgi-bin/","1"
"http://www.foreign.gov.mt/","1"
"http://www.foreignaffairs.gov.ng/index.php/component/content/article/9-uncategorised/","1"
"http://www.france-allemagne.fr/","1"
"http://www.francoisesagan.fr/","1"
"http://www.freeworldmaps.net/europe/portugal/","1"
"http://www.fryslan.frl/","1"
"http://www.gambiaembassy.be/","1"
"http://www.gares-sncf.com/sites/default/files/field_files/2015-06/","1"
"http://www.gazzettaufficiale.it/eli/id/2014/4/7/14G00069/","1"
"http://www.gdc.gob.ve/","1"
"http://www.gemm.com/album/Neil%20Young/","1"
"http://www.genome.gov/gwastudies/","26"
"http://www.geonames.org/","4"
"http://www.geopostcodes.com/","1"
"http://www.gesetze-im-internet.de/einigvtr/","1"
"http://www.ghana.gov.gh/","1"
"http://www.ghanaemberlin.de/en/home/","1"
"http://www.gks.ru/free_doc/","7"
"http://www.globaltv.com/rookieblue/","1"
"http://www.goa.gov.in/","1"
"http://www.google.com/intl/en/chrome/browser/privacy/","1"
"http://www.gorearicayparinacota.cl/","1"
"http://www.gouv.mc/Action-Gouvernementale/Monaco-a-l-International/La-Diplomatie-et-la-Presence-Internationale/Relations-bilaterales/Tous-les-Pays/","1"
"http://www.gov.bw/en/Ministries--Authorities/Local-Authorities/","1"
"http://www.gov.cn/","1"
"http://www.gov.mb.ca/","1"
"http://www.gov.mt/","1"
"http://www.gov.sr/sr/ministerie-van-buza/over-buza/departementen/onderdirectoraat-geopolitieke-zaken/","1"
"http://www.gov.yk.ca/","1"
"http://www.government.nl/ministries/bz/organisational-structure/","1"
"http://www.governmentofvanuatu.gov.vu/","1"
"http://www.grad-zadar.hr/","1"
"http://www.guv.ro/","1"
"http://www.guyane.pref.gouv.fr/","1"
"http://www.hamburg.de/","3"
"http://www.hanau.de/","1"
"http://www.hdg.de/lemo/","2"
"http://www.heidelberg.de/","1"
"http://www.hel.fi/","6"
"http://www.helmut-kohl-kas.de/","1"
"http://www.helsinki200.fi/en/","1"
"http://www.historyorb.com/people/","1"
"http://www.hm1.com/","1"
"http://www.hotnews.ro/","1"
"http://www.huffingtonpost.com/2013/03/18/","1"
"http://www.iaaf.org/about-iaaf/structure/president#","3"
"http://www.iaea.org/About/Policy/MemberStates/","1"
"http://www.icao.int/about-icao/Pages/","1"
"http://www.icpdr.org/main/icpdr/","1"
"http://www.iec.ch/worldplugs/","1"
"http://www.ifad.org/governance/ifad/","1"
"http://www.iksr.org/","1"
"http://www.ilo.org/","2"
"http://www.ilpalermocalcio.it/","1"
"http://www.imdb.com/","11"
"http://www.imo.org/About/Membership/Pages/","1"
"http://www.inach.cl/","1"
"http://www.indec.mecon.ar/","2"
"http://www.inegi.org.mx/est/contenidos/proyectos/encuestas/hogares/especiales/ei2015/doc/","1"
"http://www.insee.fr/fr/","2"
"http://www.iraqiembassy-berlin.de/","1"
"http://www.irishtimes.com/news/world/europe/","2"
"http://www.isabelacity.ph/","1"
"http://www.it.nrw.de/statistik/a/daten/bevoelkerungszahlen_zensus/","1"
"http://www.itamaraty.gov.br/sala-de-imprensa/notas-a-imprensa/2009/09/21/comunicado-conjunto-sobre-o-estabelecimento-de/","1"
"http://www.itu.int/","4"
"http://www.j-deathnote.com/","1"
"http://www.jinni.com/tv/the-hitchhikers-guide-to-the-galaxy/cast-crew/","1"
"http://www.jordanembassy.de/","1"
"http://www.jstor.org/stable/","1"
"http://www.jura.uni-sb.de/BGBl/","1"
"http://www.kaltimprov.go.id/","1"
"http://www.karlspreis.de/de/preistraeger/","5"
"http://www.kemendagri.go.id/media/filemanager/2015/08/18/1/2/","1"
"http://www.kemlu.go.id/Pages/","1"
"http://www.keskisuomi.fi/","1"
"http://www.kiel.de/rathaus/statistik/statistische_berichte/statistische_jahrbuecher/Statistischer_Bericht_Nr._240_-_Kieler_Zahlen_2014.pdf#","2"
"http://www.kilchomandistillery.com/","1"
"http://www.kln.gov.my/web/deu_berlin/","1"
"http://www.krugosvet.ru/enc/","5"
"http://www.ksh.hu/apps/","3"
"http://www.landtag-saar.de/DerLandtag/langerWeg/Seiten/","2"
"http://www.langsakota.go.id/","1"
"http://www.larousse.fr/encyclopedie/","8"
"http://www.lasa.gov.cn/","1"
"http://www.lausanne.ch/lausanne-officielle/administration/sports-integration-et-protection-population/controle-des-habitants/statistiques/","1"
"http://www.leipzig.de/news/news/leipzigs-einwohnerzahl-knackt-die-570-000/","1"
"http://www.lenobl.ru/","1"
"http://www.libyschebotschaft.de/","1"
"http://www.limburg.nl/","1"
"http://www.literatura.bellasartes.gob.mx/","1"
"http://www.lnr.fr/","1"
"http://www.loc.gov/today/pr/2007/","1"
"http://www.luftwaffe.de/portal/a/luftwaffe/!ut/p/c4/Nck9D0AwFIXhf9RbkhI2YhGbxcdWNHKTauXmYvHjtYNzknd5YIZwp2_cNaN32sII04rl8gj7wBB1M2L1znAsG8cYupNmT-L0xDbKRRRE4AaTTJpaZvJf8hZKdWOeqqxp6x7O46g-2Efb1Q!!/","1"
"http://www.lund.se/Gymnasieskolor/Polhem/Diverse/Nyhetsarkiv/Elevutbyte-med-Greifswald-2013/","1"
"http://www.lyonaeroports.com/eng/Home/","1"
"http://www.mae.gov.bf/index.php/la-diplomatie/","1"
"http://www.mae.ro/en/foreign-missions/3533#","1"
"http://www.mafab.hu/movies/","1"
"http://www.mahajanacollege.net/","1"
"http://www.mairie-lille.fr/","1"
"http://www.malts.com/","1"
"http://www.malukuprov.go.id/","1"
"http://www.maniadb.com/artist/","2"
"http://www.mass.gov/","1"
"http://www.mba-lyon.fr/mba/","1"
"http://www.mcgm.gov.in/","2"
"http://www.mcu.es/premiado/","1"
"http://www.me.gov.ar/efeme/jlborges/","1"
"http://www.mea.gov.in/indian-mission.htm?56/","1"
"http://www.mediafax.ro/externe/","1"
"http://www.menden.de/","1"
"http://www.metacritic.com/movie/","1"
"http://www.metro.tokyo.jp/ENGLISH/","2"
"http://www.mfa.bg/embassies/","1"
"http://www.mfa.gov.az/","1"
"http://www.mfa.gov.bt/about-the-ministry/","1"
"http://www.mfa.gov.bz/index.php/honorary-consulates-of-belize/","1"
"http://www.mfa.gov.cy/mfa/mfa2006.nsf/policy02_en/","1"
"http://www.mfa.gov.et/abouttheministry.php?pg=6#","1"
"http://www.mfa.gov.ge/","1"
"http://www.mfa.gov.hu/kulkepviselet/DE/de/de_bilateralis/","1"
"http://www.mfa.gov.md/cooperare-bilaterala/","1"
"http://www.mfa.gov.mn/","1"
"http://www.mfa.gov.rs/en/foreign-policy/bilateral-issues/96-bilateral-issues/","1"
"http://www.mfa.gov.sg/content/mfa/missions/singapore_mission/","1"
"http://www.mfa.gov.tr/","1"
"http://www.mfa.gr/en/blog/greece-bilateral-relations/germany/","1"
"http://www.mfa.is/diplomatic-missions/","1"
"http://www.mfa.somaligov.net/","1"
"http://www.mfat.govt.nz/Countries/Europe/Germany.php#","1"
"http://www.mgm.com/#","1"
"http://www.minaffet.gov.rw/","1"
"http://www.minec.gov.mz/","1"
"http://www.minex.gob.gt/","1"
"http://www.minfor.gov.gy/","1"
"http://www.minorplanetcenter.net/iau/","1"
"http://www.mire.gob.pa/sites/default/files/documentos/Exterior/","1"
"http://www.mofa.go.ug/data/missions/54/","1"
"http://www.mofa.gov.sa/sites/mofaen/SaudiMissionsAbroad/SaudiEmbassiesAbroad/Europe/Pages/","1"
"http://www.mofa.gov.vn/en/cn_vakv/","1"
"http://www.mofat.go.kr/ENG/countries/europe/countries/20070818/","1"
"http://www.mojgorod.ru/samarsk_obl/toljatti/","1"
"http://www.moldova.md/en/","1"
"http://www.moma.org/collection/artists/","1"
"http://www.movieweb.com/news/53/","1"
"http://www.mre.gov.py/v1/Representaciones/6-embapar-alemania.aspx#","1"
"http://www.mrecic.gov.ar/representaciones/repre/","1"
"http://www.mrree.gub.uy/frontend/","1"
"http://www.msz.gov.pl/en/news/","1"
"http://www.municipalidadcollipulli.cl/","1"
"http://www.museum-schnuetgen.de/","1"
"http://www.musicreview.co.za/2012/04/03/review-leonard-cohen-old-ideas/","1"
"http://www.mvep.hr/en/foreign-politics/bilateral-relations/date-of-recognition-and-establishment-of-diplomatic-relations/","1"
"http://www.mvp.gov.ba/vanjska_politika_bih/bilateralni_odnosi/datumi_priznanja_i_uspostave_diplomatskih_odnosa/","1"
"http://www.mzv.cz/jnp/en/foreign_relations/archiv/second_world_war_and_its_impact/","1"
"http://www.namibia-botschaft.de/index.php/","1"
"http://www.nationalgallery.org.uk/artists/","1"
"http://www.nato.int/cps/en/natolive/","1"
"http://www.nbc.com/","1"
"http://www.ncbi.nlm.nih.gov/pubmed/","1"
"http://www.neilyoung.com/","1"
"http://www.nichirenbuddhist.org/Religion/Atheists/DouglasAdams/","1"
"http://www.nicolas-anelka.net//","1"
"http://www.nndb.com/","8"
"http://www.nobelprize.org/nobel_prizes/physics/laureates/1921/","1"
"http://www.noise11.com/author/","1"
"http://www.norwegen.no/Embassy/Die-Mitarbeiter-der-Botschaft/GruBwort-des-Botschafters/#","1"
"http://www.notredamedeparis.fr/","1"
"http://www.nrwhandwerkstag.de/artikel/","1"
"http://www.nscb.gov.ph/activestats/psgc/","10"
"http://www.nu.nl/boek/2945457/","1"
"http://www.nuntiatur.de/","1"
"http://www.nytimes.com/","11"
"http://www.oecd.org/","2"
"http://www.olympic.org/","2"
"http://www.opcw.org/about-opcw/member-states/","1"
"http://www.openstreetmap.org/relation/","1"
"http://www.orb.ru/","1"
"http://www.ordforeren.oslo.kommune.no/","1"
"http://www.oslo.kommune.no/","1"
"http://www.pakemb.de/","1"
"http://www.parlamentarischerrat.de/","1"
"http://www.pasigcity.gov.ph/","1"
"http://www.patient.co.uk/patientplus/","2"
"http://www.pbs.org/wgbh/pages/frontline/shows/jesus/etc/","1"
"http://www.pemda-diy.go.id/","1"
"http://www.perm.ru/","1"
"http://www.perth.wa.gov.au/","1"
"http://www.postoffice.co.za/tools/","1"
"http://www.potsdam.de/content/","1"
"http://www.president.gov.ph/","1"
"http://www.presidentti.fi/","1"
"http://www.pxweb.bfs.admin.ch/Dialog/varval.asp?ma=px-d-01-2A00&ti=St%E4ndige+und+nichtst%E4ndige+Wohnbev%F6lkerung+nach+institutionellen+Gliederungen%2C+Geschlecht%2C+Zivilstand+und+Geburtsort&path=../Database/German_01%20-%20Bev%F6lkerung/01.2%20-%20Bev%F6lkerungsstand%20und%20-bewegung/","2"
"http://www.quirinale.it/elementi/","3"
"http://www.rachelmaddow.com/","1"
"http://www.ratchakitcha.soc.go.th/DATA/PDF/2544/D/099/","1"
"http://www.ravensbourne.ac.uk/discover-ravensbourne/","1"
"http://www.recensamantromania.ro/rezultate-2/","1"
"http://www.regierung.li/ministerien/ministerium-fuer-aeusseres-bildung-und-kultur/diplomatische-vertretungen/deutsch/berlin-d/bilaterale-beziehungen/","1"
"http://www.regione.abruzzo.it/","1"
"http://www.regione.liguria.it/","1"
"http://www.republicoftogo.com/Toutes-les-pages-CMS/Politique-etrangere/","1"
"http://www.reuters.com/article/2013/09/04/","1"
"http://www.rijksoverheid.nl/","2"
"http://www.ris.bka.gv.at/","1"
"http://www.rogerebert.com/reviews/","1"
"http://www.ron-turner.com/","1"
"http://www.rottentomatoes.com/celebrity/","1"
"http://www.rree.go.cr/","1"
"http://www.rree.gob.pe/servicioalciudadano/Paginas/","1"
"http://www.saarland.de/","1"
"http://www.sabmiller.com/","1"
"http://www.saintraymond.toulouse.fr/","1"
"http://www.sanaacity.com/","1"
"http://www.saratovmer.ru/","1"
"http://www.scb.se/Statistik/MI/MI0810/2010A01Z/","1"
"http://www.senato.it/leg/17/BGT/Schede_v3/Attsen/","1"
"http://www.shacknews.com/onearticle.x/","1"
"http://www.shrikashivishwanath.org/","1"
"http://www.sibenik.hr/","1"
"http://www.sis.gov.eg/En/Templates/Articles/","1"
"http://www.somaligov.net/","1"
"http://www.spaceneedle.com/","1"
"http://www.srbija.gov.rs/","1"
"http://www.sre.gob.hn/Directorio%20de%20Embajadas/","1"
"http://www.sre.gob.mx/index.php/embajadas/","1"
"http://www.sscnapoli.it/","1"
"http://www.stadt.bamberg.de/","1"
"http://www.stat.fi/til/vamuu/2014/10/","1"
"http://www.state.gov/r/pa/ei/bgn/","1"
"http://www.statistik-nord.de/uploads/tx_standocuments/","1"
"http://www.statistik.baden-wuerttemberg.de/BevoelkGebiet/Bevoelkerung/","4"
"http://www.statistikbanken.dk/","1"
"http://www.statistiques.public.lu/stat/TableViewer/","1"
"http://www.stavropol.stavkray.ru/","1"
"http://www.stereogum.com/4607/the_100_greatest_love_songs_according_to_the_ny_da/list/attachment/046-neil-young-heart-of-gold-2/","1"
"http://www.strassburg-europarat.diplo.de/Vertretung/strassburg-europarat/de/","1"
"http://www.sudan-embassy.de/","1"
"http://www.suezcanal.gov.eg/","1"
"http://www.swd-powervolleys.de/","1"
"http://www.tabacocity.com.ph/","1"
"http://www.tabs4acoustic.com/en/guitar-tabs/","1"
"http://www.tandfonline.com/doi/pdf/10.1080/","1"
"http://www.tanzania-gov.de/contact-us/","1"
"http://www.ted.com/participate/ted-prize/","1"
"http://www.telegraph.co.uk/news/","3"
"http://www.tgl.ru/","1"
"http://www.thaiembassy.de/de/menu-embassyteamthailand/office-berlin/","1"
"http://www.thaigov.go.th/","1"
"http://www.the-berlin-wall.com/","1"
"http://www.the-numbers.com/movie/","1"
"http://www.theage.com.au/articles/2009/10/15/","1"
"http://www.theatreworldawards.org/","1"
"http://www.thefamouspeople.com/","1"
"http://www.theguardian.com/","9"
"http://www.thehugoawards.org/hugo-history/2014-hugo-awards/","1"
"http://www.timelines.ws/subjects/","1"
"http://www.tntdrama.com/series/rizzoli-and-isles/","1"
"http://www.totma-vologda.ru/","1"
"http://www.toukei.metro.tokyo.jp/jsuikei/","1"
"http://www.traveldir.org/belgium/","1"
"http://www.tug.org/svn/texlive/trunk/","1"
"http://www.tv.com/shows/my-name-is-earl/cast/","1"
"http://www.tvguide.com/","2"
"http://www.tvshowsondvd.com/news/Earl/","1"
"http://www.uae-embassy.ae/Embassies/de/Content/","1"
"http://www.ulozto.net/x8AETVp/","1"
"http://www.ultimate-guitar.com/","2"
"http://www.umweltbundesamt.de/themen/klima-energie/internationale-eu-klimapolitik/","1"
"http://www.un.org/en/members/index.shtml#","1"
"http://www.unasursg.org/","1"
"http://www.unccd.int/en/regional-access/Pages/","1"
"http://www.unesco.org/new/en/unesco/worldwide/europe-and-north-america/Germany/","1"
"http://www.unido.org/","1"
"http://www.uniprot.org/uniprot/","1"
"http://www.unna.de/kreisstadt+unna/kreisstadt-unna/stadtverwaltung-virtuelles-rathaus/alle-bereiche-von-a-z/buergermeister/","1"
"http://www.unric.org/de/aufbau-der-uno/","1"
"http://www.usc.edu/","1"
"http://www.utviklings-og-kompetanseetaten.oslo.kommune.no/oslostatistikken/statistikk_om_by_og_befolkning/","1"
"http://www.uudenmaanliitto.fi/","2"
"http://www.uzbekistan.de/de/botschaft/","1"
"http://www.v2asp.paris.fr/commun/v2asp/v2/nomenclature_voies/Voieactu/","1"
"http://www.valenzuela.gov.ph/","1"
"http://www.vasteras.se/download/18.3ff54ef414ba63027dc1371/1424697240251/","1"
"http://www.vatican.va/holy_father/benedict_xvi/","1"
"http://www.viaf.org/viaf/","242"
"http://www.victoria.ca/common/","1"
"http://www.violachannel.tv/","1"
"http://www.visitlisboa.com/","1"
"http://www.visitpetra.jo/","1"
"http://www.vladimir-city.ru/","1"
"http://www.vladimir-russia.info/city_info/","1"
"http://www.vyritsa-adm.ru/","1"
"http://www.w3.org/","4129"
"http://www.watford.gov.uk/","1"
"http://www.watfordfc.com/","2"
"http://www.waymarking.com/waymarks/","1"
"http://www.webcitation.org/","1"
"http://www.weimarer-dreieck.eu/","1"
"http://www.who.int/countries/deu/en/","1"
"http://www.wiesbaden.de/","1"
"http://www.wikidata.org/","451238"
"http://www.wikileaks.org/wiki/","1"
"http://www.wipo.int/treaties/en/","1"
"http://www.wizards.com/dnd/","1"
"http://www.wmo.int/pages/members/membership/","1"
"http://www.worldatlas.com/webimage/countrys/namerica/province/","3"
"http://www.worldbank.org/en/about/leadership/","1"
"http://www.worldfantasy.org/awards/","1"
"http://www.wto.org/english/thewto_e/whatis_e/tif_e/","1"
"http://www.xa.gov.cn/","1"
"http://www.xunta.es/","1"
"http://www.zalla.org/","1"
"http://www.zambiaembassy.de/","1"
"http://www.zidane.fr/","1"
"http://www.zimfa.gov.zw/","1"
"http://www.zuid-holland.nl/","1"
"http://www1.nls.niedersachsen.de/statistik/","1"
"http://www1.wdr.de/themen/archiv/stichtag/","1"
"http://www2.planalto.gov.br/acervo/simbolos-nacionais/","3"
"http://www2.unwto.org/members/","1"
"http://www5.statcan.gc.ca/cansim/","1"
"https://aifs.gov.au/cfca/publications/","1"
"https://arxiv.org/pdf/","1"
"https://books.google.com/","1"
"https://commons.wikimedia.org/","1"
"https://de.wikipedia.org/","5"
"https://de.wikisource.org/wiki/","1"
"https://developers.google.com/freebase/data#","2"
"https://en.wikipedia.org/","23"
"https://figshare.com/articles/GRID_release_2015_12_14/","1"
"https://git.wikimedia.org/summary/","1"
"https://github.com/wikimedia/","1"
"https://google.com/chrome/","1"
"https://googlechromereleases.blogspot.de/2016/07/","1"
"https://instagram.com/mittromney/","1"
"https://lists.wikimedia.org/pipermail/","7"
"https://myspace.com/","1"
"https://npgsweb.ars-grin.gov/gringlobal/","1"
"https://onzetaal.nl/taaladvies/advies/","4"
"https://p10.secure.hostingprod.com/@spyblog.org.uk/ssl/wikileak/2010/07/","1"
"https://phabricator.wikimedia.org/","4"
"https://raw.githubusercontent.com/DiseaseOntology/HumanDiseaseOntology/ca631e0faf86458117ebaa2208684c2e427f9ee5/src/ontology/","1"
"https://rkd.nl/en/explore/artists/","1"
"https://ssb.no/befolkning/statistikker/folkemengde/aar-per-1-januar/","1"
"https://stackoverflow.com/tags/","2"
"https://treaties.un.org/Pages/","1"
"https://tripura.gov.in/","1"
"https://twitter.com/","1"
"https://viaf.org/viaf/","52"
"https://web.archive.org/web/","9"
"https://wikileaks.org/","1"
"https://www.afm.nl/en/professionals/registers/alle-huidige-registers/","1"
"https://www.avast.com/","1"
"https://www.bmvi.de/SharedDocs/DE/Artikel/WS/","1"
"https://www.braunschweig.de/politik_verwaltung/","2"
"https://www.bundespraesident.de/DE/Die-Bundespraesidenten/Richard-von-Weizsaecker/","1"
"https://www.bundestag.de/","2"
"https://www.census.gov/popest/data/state/totals/2015/","1"
"https://www.cia.gov/library/publications/the-world-factbook/","6"
"https://www.destatis.de/DE/ZahlenFakten/","30"
"https://www.dfa.ie/embassies/irish-embassies-abroad/europe/germany/","1"
"https://www.facebook.com/","1"
"https://www.flickr.com/places/info/","1"
"https://www.g20.org/about_g20/","1"
"https://www.google.com/","1"
"https://www.gov.il/","1"
"https://www.gov.uk/government/world/","1"
"https://www.hollywoodreporter.com/news/","2"
"https://www.ige.ch/de/ueber-uns/","3"
"https://www.iso.org/obp/ui/#","1"
"https://www.library.ethz.ch/en/Resources/Digital-library/Einstein-Online/","1"
"https://www.linkedin.com/in/","1"
"https://www.mediawiki.org/wiki/","11"
"https://www.provincie-utrecht.nl/","1"
"https://www.reddit.com/r/","1"
"https://www.rijksoverheid.nl/onderwerpen/","1"
"https://www.statistik-berlin-brandenburg.de/Publikationen/OTab/2013/","1"
"https://www.statistikdaten.bayern.de/genesis/","1"
"https://www.whitehouse.gov/1600/presidents/","1"
"https://www.wikibooks.org/","1"
"https://www.wikidata.org/","6"
"https://www.wikiquote.org/","1"
"https://www.youtube.com/","1"
