endpoint_id,name,url,download_url
117,AgroLD,http://volvestre.cirad.fr:8890/sparql,N/A
116,MOLD,http://vt.mo-ld.org/sparql,N/A
115,BioPortal,http://sparql.bioontology.org/,N/A
114,LSDB Archive @ NBDC,https://dba-rdf.biosciencedbc.jp/sparql,N/A
113,RIKEN MetaDatabase,http://metadb.riken.jp/sparql,112 databases found in front page(http://metadb.riken.jp/metadb/front) as of 2016-10-31
112,HealthData.gov Platform (HDP),http://healthdata.tw.rpi.edu/sparql,N/A
111,DrugBank @ Universit√§t Mannheim,http://wifo5-03.informatik.uni-mannheim.de/drugbank/sparql,http://wifo5-03.informatik.uni-mannheim.de/drugbank/drugbank_dump.nt.bz2
108,LODAC BDLS,http://lod.ac/bdls/sparql,http://lod.ac/dumps/bdls/20121228/
107,Organic.Edunet,http://data.organic-edunet.eu/sparql,http://data.organic-edunet.eu/rdfdump.rdf
106,Bio2RDF,http://bio2rdf.org/sparql,http://download.bio2rdf.org/current/
105,Pathway Commons,http://rdf.pathwaycommons.org/sparql/,http://www.pathwaycommons.org/archives/PC2/current/PathwayCommons.8.All.BIOPAX.owl.gz
104,OrphaData,http://www.orpha.net/sparql,http://www.orphadata.org/data/ORDO/ordo_orphanet.owl.zip
101,Wikidata,https://query.wikidata.org/sparql,http://tools.wmflabs.org/wikidata-exports/rdf/exports/20160801/wikidata-statements.nt.gz
100,DisGeNET,http://rdf.disgenet.org/sparql/,http://rdf.disgenet.org/download/
99,FirstAuthor Navigation,http://navi.first.lifesciencedb.jp/fanavi/sparql,ftp://ftp.dbcls.jp/afara/
98,Colil,http://colil.dbcls.jp/sparql,ftp://ftp.dbcls.jp/colil/colil_latest.nt.gz
97,LinkDB,http://www.genome.jp/sparql/linkdb,N/A
96,MIcrobeDB.jp,http://genome.microbedb.jp/sparql,N/A
95,Identifiers.org,http://identifiers.org/services/servlet/query,N/A
94,Microbial Genome Database for Comparative Analysis (MBGD),http://sparql.nibb.ac.jp/sparql,Manual Download(http://mbgd.genome.ad.jp/rdf/archive/)
93,Ensembl,https://www.ebi.ac.uk/rdf/services/ensembl/sparql,ftp://ftp.ensembl.org/pub/current_rdf/
92,Medical Subject Headings (MeSH) RDF Linked Data,https://id.nlm.nih.gov/mesh/sparql,ftp://ftp.nlm.nih.gov/online/mesh/mesh.nt.gz
91,Xavier University of Louisiana,https://xula.eagle-i.net/sparqler/sparql,https://xula.eagle-i.net/sparqler/sparql?institution=https%3A%2F%2Fxula.eagle-i.net&format=application%2Frdf%2Bxml&query=PREFIX+rdfs%3A+%3Chttp%3A%2F%2Fwww.w3.org%2F2000%2F01%2Frdf-schema%23%3E+PREFIX+%3A+%3Chttp%3A%2F%2Feagle-i.org%2Font%2Frepo%2F1.0%2F%3E+construct+%7B%3Fs+%3Fp+%3Fo+.+%3Fp+rdfs%3Alabel+%3Fp_label+.+%3Fo+rdfs%3Alabel+%3Fo_label%7D+where+%7Bgraph+%3ANG_Published%7B%3Fs+%3Fp+%3Fo%7D+.+optional%7B%3Fp+rdfs%3Alabel+%3Fp_label+%7D+.+optional%7B+%3Fo+rdfs%3Alabel+%3Fo_label%7D%7D+&run=Run&view=published-resources
90,Washington University NIMH Genetics,https://eaglei.nimhgenetics.org/sparqler/sparql,https://eaglei.nimhgenetics.org/sparqler/sparql?institution=https%3A%2F%2Feaglei.nimhgenetics.org%2F&format=application%2Frdf%2Bxml&query=PREFIX+rdfs%3A+%3Chttp%3A%2F%2Fwww.w3.org%2F2000%2F01%2Frdf-schema%23%3E+PREFIX+%3A+%3Chttp%3A%2F%2Feagle-i.org%2Font%2Frepo%2F1.0%2F%3E+construct+%7B%3Fs+%3Fp+%3Fo+.+%3Fp+rdfs%3Alabel+%3Fp_label+.+%3Fo+rdfs%3Alabel+%3Fo_label%7D+where+%7Bgraph+%3ANG_Published%7B%3Fs+%3Fp+%3Fo%7D+.+optional%7B%3Fp+rdfs%3Alabel+%3Fp_label+%7D+.+optional%7B+%3Fo+rdfs%3Alabel+%3Fo_label%7D%7D+&run=Run&view=published-resources
89,Washington State University Spokane,https://eagle-i.spokane.wsu.edu/sparqler/sparql,Empty Body(https://eagle-i.spokane.wsu.edu/sparqler/sparql?institution=https%3A%2F%2Feagle-i.spokane.wsu.edu&format=application%2Frdf%2Bxml&query=PREFIX+rdfs%3A+%3Chttp%3A%2F%2Fwww.w3.org%2F2000%2F01%2Frdf-schema%23%3E+PREFIX+%3A+%3Chttp%3A%2F%2Feagle-i.org%2Font%2Frepo%2F1.0%2F%3E+construct+%7B%3Fs+%3Fp+%3Fo+.+%3Fp+rdfs%3Alabel+%3Fp_label+.+%3Fo+rdfs%3Alabel+%3Fo_label%7D+where+%7Bgraph+%3ANG_Published%7B%3Fs+%3Fp+%3Fo%7D+.+optional%7B%3Fp+rdfs%3Alabel+%3Fp_label+%7D+.+optional%7B+%3Fo+rdfs%3Alabel+%3Fo_label%7D%7D+&run=Run&view=published-resources)
88,University of Texas at San Antonio,https://utsa.eagle-i.net/sparqler/sparql,https://utsa.eagle-i.net/sparqler/sparql?institution=https%3A%2F%2Futsa.eagle-i.net&format=application%2Frdf%2Bxml&query=PREFIX+rdfs%3A+%3Chttp%3A%2F%2Fwww.w3.org%2F2000%2F01%2Frdf-schema%23%3E+PREFIX+%3A+%3Chttp%3A%2F%2Feagle-i.org%2Font%2Frepo%2F1.0%2F%3E+construct+%7B%3Fs+%3Fp+%3Fo+.+%3Fp+rdfs%3Alabel+%3Fp_label+.+%3Fo+rdfs%3Alabel+%3Fo_label%7D+where+%7Bgraph+%3ANG_Published%7B%3Fs+%3Fp+%3Fo%7D+.+optional%7B%3Fp+rdfs%3Alabel+%3Fp_label+%7D+.+optional%7B+%3Fo+rdfs%3Alabel+%3Fo_label%7D%7D+&run=Run&view=published-resources
87,University of Texas at El Paso,https://utep.eagle-i.net/sparqler/sparql,https://utep.eagle-i.net/sparqler/sparql?institution=https%3A%2F%2Futep.eagle-i.net&format=application%2Frdf%2Bxml&query=PREFIX+rdfs%3A+%3Chttp%3A%2F%2Fwww.w3.org%2F2000%2F01%2Frdf-schema%23%3E+PREFIX+%3A+%3Chttp%3A%2F%2Feagle-i.org%2Font%2Frepo%2F1.0%2F%3E+construct+%7B%3Fs+%3Fp+%3Fo+.+%3Fp+rdfs%3Alabel+%3Fp_label+.+%3Fo+rdfs%3Alabel+%3Fo_label%7D+where+%7Bgraph+%3ANG_Published%7B%3Fs+%3Fp+%3Fo%7D+.+optional%7B%3Fp+rdfs%3Alabel+%3Fp_label+%7D+.+optional%7B+%3Fo+rdfs%3Alabel+%3Fo_label%7D%7D+&run=Run&view=published-resources
86,University of Puerto Rico,https://upr.eagle-i.net/sparqler/sparql,https://upr.eagle-i.net/sparqler/sparql?institution=https%3A%2F%2Fupr.eagle-i.net&format=application%2Frdf%2Bxml&query=PREFIX+rdfs%3A+%3Chttp%3A%2F%2Fwww.w3.org%2F2000%2F01%2Frdf-schema%23%3E+PREFIX+%3A+%3Chttp%3A%2F%2Feagle-i.org%2Font%2Frepo%2F1.0%2F%3E+construct+%7B%3Fs+%3Fp+%3Fo+.+%3Fp+rdfs%3Alabel+%3Fp_label+.+%3Fo+rdfs%3Alabel+%3Fo_label%7D+where+%7Bgraph+%3ANG_Published%7B%3Fs+%3Fp+%3Fo%7D+.+optional%7B%3Fp+rdfs%3Alabel+%3Fp_label+%7D+.+optional%7B+%3Fo+rdfs%3Alabel+%3Fo_label%7D%7D+&run=Run&view=published-resources
85,University of Pennsylvania,https://eagle-i.itmat.upenn.edu/sparqler/sparql,https://eagle-i.itmat.upenn.edu/sparqler/sparql?institution=https%3A%2F%2Feagle-i.itmat.upenn.edu&format=application%2Frdf%2Bxml&query=PREFIX+rdfs%3A+%3Chttp%3A%2F%2Fwww.w3.org%2F2000%2F01%2Frdf-schema%23%3E+PREFIX+%3A+%3Chttp%3A%2F%2Feagle-i.org%2Font%2Frepo%2F1.0%2F%3E+construct+%7B%3Fs+%3Fp+%3Fo+.+%3Fp+rdfs%3Alabel+%3Fp_label+.+%3Fo+rdfs%3Alabel+%3Fo_label%7D+where+%7Bgraph+%3ANG_Published%7B%3Fs+%3Fp+%3Fo%7D+.+optional%7B%3Fp+rdfs%3Alabel+%3Fp_label+%7D+.+optional%7B+%3Fo+rdfs%3Alabel+%3Fo_label%7D%7D+&run=Run&view=published-resources
84,University of Hawai'i Manoa,https://hawaii.eagle-i.net/sparqler/sparql,https://hawaii.eagle-i.net/sparqler/sparql?institution=https%3A%2F%2Fhawaii.eagle-i.net&format=application%2Frdf%2Bxml&query=PREFIX+rdfs%3A+%3Chttp%3A%2F%2Fwww.w3.org%2F2000%2F01%2Frdf-schema%23%3E+PREFIX+%3A+%3Chttp%3A%2F%2Feagle-i.org%2Font%2Frepo%2F1.0%2F%3E+construct+%7B%3Fs+%3Fp+%3Fo+.+%3Fp+rdfs%3Alabel+%3Fp_label+.+%3Fo+rdfs%3Alabel+%3Fo_label%7D+where+%7Bgraph+%3ANG_Published%7B%3Fs+%3Fp+%3Fo%7D+.+optional%7B%3Fp+rdfs%3Alabel+%3Fp_label+%7D+.+optional%7B+%3Fo+rdfs%3Alabel+%3Fo_label%7D%7D+&run=Run&view=published-resources
83,University of Alaska Fairbanks,https://alaska.eagle-i.net/sparqler/sparql,https://alaska.eagle-i.net/sparqler/sparql?institution=https%3A%2F%2Falaska.eagle-i.net&format=application%2Frdf%2Bxml&query=PREFIX+rdfs%3A+%3Chttp%3A%2F%2Fwww.w3.org%2F2000%2F01%2Frdf-schema%23%3E+PREFIX+%3A+%3Chttp%3A%2F%2Feagle-i.org%2Font%2Frepo%2F1.0%2F%3E+construct+%7B%3Fs+%3Fp+%3Fo+.+%3Fp+rdfs%3Alabel+%3Fp_label+.+%3Fo+rdfs%3Alabel+%3Fo_label%7D+where+%7Bgraph+%3ANG_Published%7B%3Fs+%3Fp+%3Fo%7D+.+optional%7B%3Fp+rdfs%3Alabel+%3Fp_label+%7D+.+optional%7B+%3Fo+rdfs%3Alabel+%3Fo_label%7D%7D+&run=Run&view=published-resources
82,Universidad Central del Caribe,https://uccaribe.eagle-i.net/sparqler/sparql,https://uccaribe.eagle-i.net/sparqler/sparql?institution=https%3A%2F%2Fuccaribe.eagle-i.net&format=application%2Frdf%2Bxml&query=PREFIX+rdfs%3A+%3Chttp%3A%2F%2Fwww.w3.org%2F2000%2F01%2Frdf-schema%23%3E+PREFIX+%3A+%3Chttp%3A%2F%2Feagle-i.org%2Font%2Frepo%2F1.0%2F%3E+construct+%7B%3Fs+%3Fp+%3Fo+.+%3Fp+rdfs%3Alabel+%3Fp_label+.+%3Fo+rdfs%3Alabel+%3Fo_label%7D+where+%7Bgraph+%3ANG_Published%7B%3Fs+%3Fp+%3Fo%7D+.+optional%7B%3Fp+rdfs%3Alabel+%3Fp_label+%7D+.+optional%7B+%3Fo+rdfs%3Alabel+%3Fo_label%7D%7D+&run=Run&view=published-resources
81,Tuskegee University,https://tuskegee.eagle-i.net/sparqler/sparql,https://tuskegee.eagle-i.net/sparqler/sparql?institution=https%3A%2F%2Ftuskegee.eagle-i.net&format=application%2Frdf%2Bxml&query=PREFIX+rdfs%3A+%3Chttp%3A%2F%2Fwww.w3.org%2F2000%2F01%2Frdf-schema%23%3E+PREFIX+%3A+%3Chttp%3A%2F%2Feagle-i.org%2Font%2Frepo%2F1.0%2F%3E+construct+%7B%3Fs+%3Fp+%3Fo+.+%3Fp+rdfs%3Alabel+%3Fp_label+.+%3Fo+rdfs%3Alabel+%3Fo_label%7D+where+%7Bgraph+%3ANG_Published%7B%3Fs+%3Fp+%3Fo%7D+.+optional%7B%3Fp+rdfs%3Alabel+%3Fp_label+%7D+.+optional%7B+%3Fo+rdfs%3Alabel+%3Fo_label%7D%7D+&run=Run&view=published-resources
80,The Ohio State University,https://eagle-i.rf.ohio-state.edu/sparqler/sparql,N/A
79,Texas Southern University,https://tsu.eagle-i.net/sparqler/sparql,https://tsu.eagle-i.net/sparqler/sparql?institution=https%3A%2F%2Ftsu.eagle-i.net&format=application%2Frdf%2Bxml&query=PREFIX+rdfs%3A+%3Chttp%3A%2F%2Fwww.w3.org%2F2000%2F01%2Frdf-schema%23%3E+PREFIX+%3A+%3Chttp%3A%2F%2Feagle-i.org%2Font%2Frepo%2F1.0%2F%3E+construct+%7B%3Fs+%3Fp+%3Fo+.+%3Fp+rdfs%3Alabel+%3Fp_label+.+%3Fo+rdfs%3Alabel+%3Fo_label%7D+where+%7Bgraph+%3ANG_Published%7B%3Fs+%3Fp+%3Fo%7D+.+optional%7B%3Fp+rdfs%3Alabel+%3Fp_label+%7D+.+optional%7B+%3Fo+rdfs%3Alabel+%3Fo_label%7D%7D+&run=Run&view=published-resources
78,Special Collections,https://shared.eagle-i.net/sparqler/sparql,https://shared.eagle-i.net//sparqler/sparql?institution=https%3A%2F%2Fshared.eagle-i.net%2F&format=application%2Frdf%2Bxml&query=PREFIX+rdfs%3A+%3Chttp%3A%2F%2Fwww.w3.org%2F2000%2F01%2Frdf-schema%23%3E+PREFIX+%3A+%3Chttp%3A%2F%2Feagle-i.org%2Font%2Frepo%2F1.0%2F%3E+construct+%7B%3Fs+%3Fp+%3Fo+.+%3Fp+rdfs%3Alabel+%3Fp_label+.+%3Fo+rdfs%3Alabel+%3Fo_label%7D+where+%7Bgraph+%3ANG_Published%7B%3Fs+%3Fp+%3Fo%7D+.+optional%7B%3Fp+rdfs%3Alabel+%3Fp_label+%7D+.+optional%7B+%3Fo+rdfs%3Alabel+%3Fo_label%7D%7D+&run=Run&view=published-resources
77,Ponce School of Medicine and Health Sciences,https://psm.eagle-i.net/sparqler/sparql,https://psm.eagle-i.net/sparqler/sparql?institution=https%3A%2F%2Fpsm.eagle-i.net&format=application%2Frdf%2Bxml&query=PREFIX+rdfs%3A+%3Chttp%3A%2F%2Fwww.w3.org%2F2000%2F01%2Frdf-schema%23%3E+PREFIX+%3A+%3Chttp%3A%2F%2Feagle-i.org%2Font%2Frepo%2F1.0%2F%3E+construct+%7B%3Fs+%3Fp+%3Fo+.+%3Fp+rdfs%3Alabel+%3Fp_label+.+%3Fo+rdfs%3Alabel+%3Fo_label%7D+where+%7Bgraph+%3ANG_Published%7B%3Fs+%3Fp+%3Fo%7D+.+optional%7B%3Fp+rdfs%3Alabel+%3Fp_label+%7D+.+optional%7B+%3Fo+rdfs%3Alabel+%3Fo_label%7D%7D+&run=Run&view=published-resources
76,Oregon Health and Science University,https://ohsu.eagle-i.net/sparqler/sparql,https://ohsu.eagle-i.net/sparqler/sparql?institution=https%3A%2F%2Fohsu.eagle-i.net&format=application%2Frdf%2Bxml&query=PREFIX+rdfs%3A+%3Chttp%3A%2F%2Fwww.w3.org%2F2000%2F01%2Frdf-schema%23%3E+PREFIX+%3A+%3Chttp%3A%2F%2Feagle-i.org%2Font%2Frepo%2F1.0%2F%3E+construct+%7B%3Fs+%3Fp+%3Fo+.+%3Fp+rdfs%3Alabel+%3Fp_label+.+%3Fo+rdfs%3Alabel+%3Fo_label%7D+where+%7Bgraph+%3ANG_Published%7B%3Fs+%3Fp+%3Fo%7D+.+optional%7B%3Fp+rdfs%3Alabel+%3Fp_label+%7D+.+optional%7B+%3Fo+rdfs%3Alabel+%3Fo_label%7D%7D+&run=Run&view=published-resources
75,Morehouse School of Medicine,https://msm.eagle-i.net/sparqler/sparql,https://msm.eagle-i.net/sparqler/sparql?institution=https%3A%2F%2Fmsm.eagle-i.net&format=application%2Frdf%2Bxml&query=PREFIX+rdfs%3A+%3Chttp%3A%2F%2Fwww.w3.org%2F2000%2F01%2Frdf-schema%23%3E+PREFIX+%3A+%3Chttp%3A%2F%2Feagle-i.org%2Font%2Frepo%2F1.0%2F%3E+construct+%7B%3Fs+%3Fp+%3Fo+.+%3Fp+rdfs%3Alabel+%3Fp_label+.+%3Fo+rdfs%3Alabel+%3Fo_label%7D+where+%7Bgraph+%3ANG_Published%7B%3Fs+%3Fp+%3Fo%7D+.+optional%7B%3Fp+rdfs%3Alabel+%3Fp_label+%7D+.+optional%7B+%3Fo+rdfs%3Alabel+%3Fo_label%7D%7D+&run=Run&view=published-resources
74,Montana State University,https://montana.eagle-i.net/sparqler/sparql,https://montana.eagle-i.net/sparqler/sparql?institution=https%3A%2F%2Fmontana.eagle-i.net&format=application%2Frdf%2Bxml&query=PREFIX+rdfs%3A+%3Chttp%3A%2F%2Fwww.w3.org%2F2000%2F01%2Frdf-schema%23%3E+PREFIX+%3A+%3Chttp%3A%2F%2Feagle-i.org%2Font%2Frepo%2F1.0%2F%3E+construct+%7B%3Fs+%3Fp+%3Fo+.+%3Fp+rdfs%3Alabel+%3Fp_label+.+%3Fo+rdfs%3Alabel+%3Fo_label%7D+where+%7Bgraph+%3ANG_Published%7B%3Fs+%3Fp+%3Fo%7D+.+optional%7B%3Fp+rdfs%3Alabel+%3Fp_label+%7D+.+optional%7B+%3Fo+rdfs%3Alabel+%3Fo_label%7D%7D+&run=Run&view=published-resources
73,Michigan State University,https://eagle-i.ctsi.msu.edu/sparqler/sparql,https://eagle-i.ctsi.msu.edu/sparqler/sparql?institution=https%3A%2F%2Feagle-i.ctsi.msu.edu&format=application%2Frdf%2Bxml&query=PREFIX+rdfs%3A+%3Chttp%3A%2F%2Fwww.w3.org%2F2000%2F01%2Frdf-schema%23%3E+PREFIX+%3A+%3Chttp%3A%2F%2Feagle-i.org%2Font%2Frepo%2F1.0%2F%3E+construct+%7B%3Fs+%3Fp+%3Fo+.+%3Fp+rdfs%3Alabel+%3Fp_label+.+%3Fo+rdfs%3Alabel+%3Fo_label%7D+where+%7Bgraph+%3ANG_Published%7B%3Fs+%3Fp+%3Fo%7D+.+optional%7B%3Fp+rdfs%3Alabel+%3Fp_label+%7D+.+optional%7B+%3Fo+rdfs%3Alabel+%3Fo_label%7D%7D+&run=Run&view=published-resources
72,Meharry Medical College,https://meharry.eagle-i.net/sparqler/sparql,https://meharry.eagle-i.net/sparqler/sparql?institution=https%3A%2F%2Fmeharry.eagle-i.net&format=application%2Frdf%2Bxml&query=PREFIX+rdfs%3A+%3Chttp%3A%2F%2Fwww.w3.org%2F2000%2F01%2Frdf-schema%23%3E+PREFIX+%3A+%3Chttp%3A%2F%2Feagle-i.org%2Font%2Frepo%2F1.0%2F%3E+construct+%7B%3Fs+%3Fp+%3Fo+.+%3Fp+rdfs%3Alabel+%3Fp_label+.+%3Fo+rdfs%3Alabel+%3Fo_label%7D+where+%7Bgraph+%3ANG_Published%7B%3Fs+%3Fp+%3Fo%7D+.+optional%7B%3Fp+rdfs%3Alabel+%3Fp_label+%7D+.+optional%7B+%3Fo+rdfs%3Alabel+%3Fo_label%7D%7D+&run=Run&view=published-resources
71,Jackson State University,https://jsu.eagle-i.net/sparqler/sparql,https://jsu.eagle-i.net/sparqler/sparql?institution=https%3A%2F%2Fjsu.eagle-i.net&format=application%2Frdf%2Bxml&query=PREFIX+rdfs%3A+%3Chttp%3A%2F%2Fwww.w3.org%2F2000%2F01%2Frdf-schema%23%3E+PREFIX+%3A+%3Chttp%3A%2F%2Feagle-i.org%2Font%2Frepo%2F1.0%2F%3E+construct+%7B%3Fs+%3Fp+%3Fo+.+%3Fp+rdfs%3Alabel+%3Fp_label+.+%3Fo+rdfs%3Alabel+%3Fo_label%7D+where+%7Bgraph+%3ANG_Published%7B%3Fs+%3Fp+%3Fo%7D+.+optional%7B%3Fp+rdfs%3Alabel+%3Fp_label+%7D+.+optional%7B+%3Fo+rdfs%3Alabel+%3Fo_label%7D%7D+&run=Run&view=published-resources
70,ITHS Regional Directory,https://eagle-i.iths.org/sparqler/sparql,https://eagle-i.iths.org/sparqler/sparql?institution=https%3A%2F%2Feagle-i.iths.org&format=application%2Frdf%2Bxml&query=PREFIX+rdfs%3A+%3Chttp%3A%2F%2Fwww.w3.org%2F2000%2F01%2Frdf-schema%23%3E+PREFIX+%3A+%3Chttp%3A%2F%2Feagle-i.org%2Font%2Frepo%2F1.0%2F%3E+construct+%7B%3Fs+%3Fp+%3Fo+.+%3Fp+rdfs%3Alabel+%3Fp_label+.+%3Fo+rdfs%3Alabel+%3Fo_label%7D+where+%7Bgraph+%3ANG_Published%7B%3Fs+%3Fp+%3Fo%7D+.+optional%7B%3Fp+rdfs%3Alabel+%3Fp_label+%7D+.+optional%7B+%3Fo+rdfs%3Alabel+%3Fo_label%7D%7D+&run=Run&view=published-resources
69,Hunter College CUNY,https://hunter-cuny.eagle-i.net/sparqler/sparql,https://hunter-cuny.eagle-i.net/sparqler/sparql?institution=https%3A%2F%2Fhunter-cuny.eagle-i.net&format=application%2Frdf%2Bxml&query=PREFIX+rdfs%3A+%3Chttp%3A%2F%2Fwww.w3.org%2F2000%2F01%2Frdf-schema%23%3E+PREFIX+%3A+%3Chttp%3A%2F%2Feagle-i.org%2Font%2Frepo%2F1.0%2F%3E+construct+%7B%3Fs+%3Fp+%3Fo+.+%3Fp+rdfs%3Alabel+%3Fp_label+.+%3Fo+rdfs%3Alabel+%3Fo_label%7D+where+%7Bgraph+%3ANG_Published%7B%3Fs+%3Fp+%3Fo%7D+.+optional%7B%3Fp+rdfs%3Alabel+%3Fp_label+%7D+.+optional%7B+%3Fo+rdfs%3Alabel+%3Fo_label%7D%7D+&run=Run&view=published-resources
68,Howard University,https://howard.eagle-i.net/sparqler/sparql,https://howard.eagle-i.net/sparqler/sparql?institution=https%3A%2F%2Fhoward.eagle-i.net&format=application%2Frdf%2Bxml&query=PREFIX+rdfs%3A+%3Chttp%3A%2F%2Fwww.w3.org%2F2000%2F01%2Frdf-schema%23%3E+PREFIX+%3A+%3Chttp%3A%2F%2Feagle-i.org%2Font%2Frepo%2F1.0%2F%3E+construct+%7B%3Fs+%3Fp+%3Fo+.+%3Fp+rdfs%3Alabel+%3Fp_label+.+%3Fo+rdfs%3Alabel+%3Fo_label%7D+where+%7Bgraph+%3ANG_Published%7B%3Fs+%3Fp+%3Fo%7D+.+optional%7B%3Fp+rdfs%3Alabel+%3Fp_label+%7D+.+optional%7B+%3Fo+rdfs%3Alabel+%3Fo_label%7D%7D+&run=Run&view=published-resources
67,Harvard University,https://harvard.eagle-i.net/sparqler/sparql,https://harvard.eagle-i.net/sparqler/sparql?institution=https%3A%2F%2Fharvard.eagle-i.net&format=application%2Frdf%2Bxml&query=PREFIX+rdfs%3A+%3Chttp%3A%2F%2Fwww.w3.org%2F2000%2F01%2Frdf-schema%23%3E+PREFIX+%3A+%3Chttp%3A%2F%2Feagle-i.org%2Font%2Frepo%2F1.0%2F%3E+construct+%7B%3Fs+%3Fp+%3Fo+.+%3Fp+rdfs%3Alabel+%3Fp_label+.+%3Fo+rdfs%3Alabel+%3Fo_label%7D+where+%7Bgraph+%3ANG_Published%7B%3Fs+%3Fp+%3Fo%7D+.+optional%7B%3Fp+rdfs%3Alabel+%3Fp_label+%7D+.+optional%7B+%3Fo+rdfs%3Alabel+%3Fo_label%7D%7D+&run=Run&view=published-resources
66,Harvard University Immunology Collection,https://immunology.harvard.eagle-i.net/sparqler/sparql,https://immunology.harvard.eagle-i.net/sparqler/sparql?institution=https%3A%2F%2Fimmunology.harvard.eagle-i.net&format=application%2Frdf%2Bxml&query=PREFIX+rdfs%3A+%3Chttp%3A%2F%2Fwww.w3.org%2F2000%2F01%2Frdf-schema%23%3E+PREFIX+%3A+%3Chttp%3A%2F%2Feagle-i.org%2Font%2Frepo%2F1.0%2F%3E+construct+%7B%3Fs+%3Fp+%3Fo+.+%3Fp+rdfs%3Alabel+%3Fp_label+.+%3Fo+rdfs%3Alabel+%3Fo_label%7D+where+%7Bgraph+%3ANG_Published%7B%3Fs+%3Fp+%3Fo%7D+.+optional%7B%3Fp+rdfs%3Alabel+%3Fp_label+%7D+.+optional%7B+%3Fo+rdfs%3Alabel+%3Fo_label%7D%7D+&run=Run&view=published-resources
65,Fred Hutchinson Cancer Research Center,https://eagle-i.fredhutch.org/sparqler/sparql,https://eagle-i.fredhutch.org/sparqler/sparql?institution=https%3A%2F%2Feagle-i.fredhutch.org&format=application%2Frdf%2Bxml&query=PREFIX+rdfs%3A+%3Chttp%3A%2F%2Fwww.w3.org%2F2000%2F01%2Frdf-schema%23%3E+PREFIX+%3A+%3Chttp%3A%2F%2Feagle-i.org%2Font%2Frepo%2F1.0%2F%3E+construct+%7B%3Fs+%3Fp+%3Fo+.+%3Fp+rdfs%3Alabel+%3Fp_label+.+%3Fo+rdfs%3Alabel+%3Fo_label%7D+where+%7Bgraph+%3ANG_Published%7B%3Fs+%3Fp+%3Fo%7D+.+optional%7B%3Fp+rdfs%3Alabel+%3Fp_label+%7D+.+optional%7B+%3Fo+rdfs%3Alabel+%3Fo_label%7D%7D+&run=Run&view=published-resources
64,Florida Agricultural and Mechanical University,https://famu.eagle-i.net/sparqler/sparql,https://famu.eagle-i.net/sparqler/sparql?institution=https%3A%2F%2Ffamu.eagle-i.net&format=application%2Frdf%2Bxml&query=PREFIX+rdfs%3A+%3Chttp%3A%2F%2Fwww.w3.org%2F2000%2F01%2Frdf-schema%23%3E+PREFIX+%3A+%3Chttp%3A%2F%2Feagle-i.org%2Font%2Frepo%2F1.0%2F%3E+construct+%7B%3Fs+%3Fp+%3Fo+.+%3Fp+rdfs%3Alabel+%3Fp_label+.+%3Fo+rdfs%3Alabel+%3Fo_label%7D+where+%7Bgraph+%3ANG_Published%7B%3Fs+%3Fp+%3Fo%7D+.+optional%7B%3Fp+rdfs%3Alabel+%3Fp_label+%7D+.+optional%7B+%3Fo+rdfs%3Alabel+%3Fo_label%7D%7D+&run=Run&view=published-resources
63,Dartmouth College,https://dartmouth.eagle-i.net/sparqler/sparql,https://dartmouth.eagle-i.net/sparqler/sparql?institution=https%3A%2F%2Fdartmouth.eagle-i.net&format=application%2Frdf%2Bxml&query=PREFIX+rdfs%3A+%3Chttp%3A%2F%2Fwww.w3.org%2F2000%2F01%2Frdf-schema%23%3E+PREFIX+%3A+%3Chttp%3A%2F%2Feagle-i.org%2Font%2Frepo%2F1.0%2F%3E+construct+%7B%3Fs+%3Fp+%3Fo+.+%3Fp+rdfs%3Alabel+%3Fp_label+.+%3Fo+rdfs%3Alabel+%3Fo_label%7D+where+%7Bgraph+%3ANG_Published%7B%3Fs+%3Fp+%3Fo%7D+.+optional%7B%3Fp+rdfs%3Alabel+%3Fp_label+%7D+.+optional%7B+%3Fo+rdfs%3Alabel+%3Fo_label%7D%7D+&run=Run&view=published-resources
62,Clark Atlanta University,https://cau.eagle-i.net/sparqler/sparql,https://cau.eagle-i.net/sparqler/sparql?institution=https%3A%2F%2Fcau.eagle-i.net&format=application%2Frdf%2Bxml&query=PREFIX+rdfs%3A+%3Chttp%3A%2F%2Fwww.w3.org%2F2000%2F01%2Frdf-schema%23%3E+PREFIX+%3A+%3Chttp%3A%2F%2Feagle-i.org%2Font%2Frepo%2F1.0%2F%3E+construct+%7B%3Fs+%3Fp+%3Fo+.+%3Fp+rdfs%3Alabel+%3Fp_label+.+%3Fo+rdfs%3Alabel+%3Fo_label%7D+where+%7Bgraph+%3ANG_Published%7B%3Fs+%3Fp+%3Fo%7D+.+optional%7B%3Fp+rdfs%3Alabel+%3Fp_label+%7D+.+optional%7B+%3Fo+rdfs%3Alabel+%3Fo_label%7D%7D+&run=Run&view=published-resources
61,City College of New York CUNY,https://ccny-cuny.eagle-i.net/sparqler/sparql,https://ccny-cuny.eagle-i.net/sparqler/sparql?institution=https%3A%2F%2Fccny-cuny.eagle-i.net&format=application%2Frdf%2Bxml&query=PREFIX+rdfs%3A+%3Chttp%3A%2F%2Fwww.w3.org%2F2000%2F01%2Frdf-schema%23%3E+PREFIX+%3A+%3Chttp%3A%2F%2Feagle-i.org%2Font%2Frepo%2F1.0%2F%3E+construct+%7B%3Fs+%3Fp+%3Fo+.+%3Fp+rdfs%3Alabel+%3Fp_label+.+%3Fo+rdfs%3Alabel+%3Fo_label%7D+where+%7Bgraph+%3ANG_Published%7B%3Fs+%3Fp+%3Fo%7D+.+optional%7B%3Fp+rdfs%3Alabel+%3Fp_label+%7D+.+optional%7B+%3Fo+rdfs%3Alabel+%3Fo_label%7D%7D+&run=Run&view=published-resources
60,Charles R. Drew University of Medicine and Science,https://cdrewu.eagle-i.net/sparqler/sparql,https://cdrewu.eagle-i.net/sparqler/sparql?institution=https%3A%2F%2Fcdrewu.eagle-i.net&format=application%2Frdf%2Bxml&query=PREFIX+rdfs%3A+%3Chttp%3A%2F%2Fwww.w3.org%2F2000%2F01%2Frdf-schema%23%3E+PREFIX+%3A+%3Chttp%3A%2F%2Feagle-i.org%2Font%2Frepo%2F1.0%2F%3E+construct+%7B%3Fs+%3Fp+%3Fo+.+%3Fp+rdfs%3Alabel+%3Fp_label+.+%3Fo+rdfs%3Alabel+%3Fo_label%7D+where+%7Bgraph+%3ANG_Published%7B%3Fs+%3Fp+%3Fo%7D+.+optional%7B%3Fp+rdfs%3Alabel+%3Fp_label+%7D+.+optional%7B+%3Fo+rdfs%3Alabel+%3Fo_label%7D%7D+&run=Run&view=published-resources
59,Centrally Curated Resources,https://global.eagle-i.net/sparqler/sparql,https://global.eagle-i.net/sparqler/sparql?institution=https%3A%2F%2Fglobal.eagle-i.net&format=application%2Frdf%2Bxml&query=PREFIX+rdfs%3A+%3Chttp%3A%2F%2Fwww.w3.org%2F2000%2F01%2Frdf-schema%23%3E+PREFIX+%3A+%3Chttp%3A%2F%2Feagle-i.org%2Font%2Frepo%2F1.0%2F%3E+construct+%7B%3Fs+%3Fp+%3Fo+.+%3Fp+rdfs%3Alabel+%3Fp_label+.+%3Fo+rdfs%3Alabel+%3Fo_label%7D+where+%7Bgraph+%3ANG_Published%7B%3Fs+%3Fp+%3Fo%7D+.+optional%7B%3Fp+rdfs%3Alabel+%3Fp_label+%7D+.+optional%7B+%3Fo+rdfs%3Alabel+%3Fo_label%7D%7D+&run=Run&view=published-resources
58,NBDC RDF Portal,http://integbio.jp/rdf/sparql,Manual Download(http://integbio.jp/rdf/?view=list)
57,OpenLifeData,http://sparql.openlifedata.org/,http://www.openlifedata.org/current/
56,UniProt,http://sparql.uniprot.org/sparql/,ftp://ftp.uniprot.org/pub/databases/uniprot/current_release/rdf/
55,Reactome,http://www.ebi.ac.uk/rdf/services/reactome/sparql,ftp://ftp.ebi.ac.uk/pub/databases/RDF/reactome/
54,ChEMBL,http://www.ebi.ac.uk/rdf/services/chembl/sparql,ftp://ftp.ebi.ac.uk/pub/databases/chembl/ChEMBL-RDF/latest/
53,BioSamples,http://www.ebi.ac.uk/rdf/services/biosamples/sparql,ftp://ftp.ebi.ac.uk/pub/databases/biosamples/biosd2rdf/
52,BioModels,http://www.ebi.ac.uk/rdf/services/biomodels/sparql,ftp://ftp.ebi.ac.uk/pub/databases/RDF/biomodels/
51,Expression Atlas,http://www.ebi.ac.uk/rdf/services/atlas/sparql,ftp://ftp.ebi.ac.uk/pub/databases//microarray/data/gxa/rdf/
50,Life Science Dictionary,http://lsd.dbcls.jp/sparql,ftp://ftp.dbcls.jp/lsd/
18,WikiPathways,http://sparql.wikipathways.org,http://rdf.wikipathways.org/current/
17,Chembl @Uppsala,http://rdf.farmbio.uu.se/chembl/sparql,N/A
16,CiteSeer,http://citeseer.rkbexplorer.com/sparql/,http://citeseer.rkbexplorer.com/models/dump.tgz
15,LinkedCT,http://data.linkedct.org/sparql/,http://www.cs.toronto.edu/~oktie/linkedct/linkedct-live-dump-latest.nt.bz2
14,FlyBase,http://www.open-biomed.org.uk/sparql/endpoint/flybase,N/A
13,MyExperiment,http://rdf.myexperiment.org/sparql/,N/A
12,DrugBank @FU Berlin,http://www4.wiwiss.fu-berlin.de/drugbank/sparql,http://wifo5-04.informatik.uni-mannheim.de/drugbank/drugbank_dump.nt.bz2
11,Diseaseome @FU Berlin,http://www4.wiwiss.fu-berlin.de/diseasome/sparql,N/A
10,STITCH @FU Berlin,http://www4.wiwiss.fu-berlin.de/stitch/sparql,N/A
9,TaxonConcepts,http://lsd.taxonconcept.org/sparql,N/A
8,BioGateway,http://www.semantic-systems-biology.org/biogateway/endpoint,403 Forbidden(http://www.semantic-systems-biology.org/biogateway/download)
7,Neurocommons,http://sparql.neurocommons.org/sparql,N/A
6,HCLS DERI,http://hcls.deri.org/sparql,N/A
5,Allie,http://data.allie.dbcls.jp/sparql,ftp://ftp.dbcls.jp/allie/allie_rdf/allie_rdf_nt_latest.gz
4,National Center for Biomedical Ontologies,http://sparql.bioontology.org,N/A
3,Linked Life Data,http://linkedlifedata.com/sparql,N/A
2,Pathway Commmons @BaderLab (Experimental),http://webservice.baderlab.org:3030/pc2/,N/A
1,Pathway Commons @Malaga,http://150.214.214.5/pathwaycommons/,N/A
